{
  "run_id": "20260302T211842Z",
  "baseline": {
    "metrics": {
      "ndcg@5": 0.2577766818458192,
      "precision@5": 0.07509462891092905,
      "recall@5": 0.3754731445546452,
      "auc": 0.577573927165003,
      "coverage@5": 0.3386799894819879,
      "cart_state_diversity@1": 0.4866880497900099
    },
    "metrics_by_step": {
      "0": {
        "ndcg@5": 0.2784846972879173,
        "precision@5": 0.08182472557135145,
        "recall@5": 0.40912362785675727,
        "auc": 0.6018319584353121,
        "coverage@5": 0.29266368656323954
      },
      "1": {
        "ndcg@5": 0.23331917989688705,
        "precision@5": 0.0672651728743137,
        "recall@5": 0.3363258643715685,
        "auc": 0.5552380336894509,
        "coverage@5": 0.3210623192216671
      },
      "2": {
        "ndcg@5": 0.2358990249232572,
        "precision@5": 0.0680124869927159,
        "recall@5": 0.34006243496357963,
        "auc": 0.5403072950184513,
        "coverage@5": 0.32342887194320274
      },
      "3": {
        "ndcg@5": 0.2370314223280785,
        "precision@5": 0.0669374492282697,
        "recall@5": 0.3346872461413485,
        "auc": 0.5349354192333855,
        "coverage@5": 0.2981578947368421
      }
    },
    "expected_aov_lift": 1.1791252120166764
  },
  "main": {
    "metrics": {
      "ndcg@5": 0.4564355539763543,
      "precision@5": 0.11591682238512768,
      "recall@5": 0.5795841119256384,
      "auc": 0.6468548397745731,
      "coverage@5": 0.9245332632132527,
      "cart_state_diversity@1": 0.8022580027682067
    },
    "metrics_by_step": {
      "0": {
        "ndcg@5": 0.48730110527793596,
        "precision@5": 0.13383120388698938,
        "recall@5": 0.669156019434947,
        "auc": 0.6624822849838563,
        "coverage@5": 0.5566657901656586
      },
      "1": {
        "ndcg@5": 0.42151770561453,
        "precision@5": 0.0952663599940644,
        "recall@5": 0.476331799970322,
        "auc": 0.6228257818330091,
        "coverage@5": 0.8385485143307915
      },
      "2": {
        "ndcg@5": 0.4119340706718115,
        "precision@5": 0.0945681581685744,
        "recall@5": 0.472840790842872,
        "auc": 0.605265736083047,
        "coverage@5": 0.796213515645543
      },
      "3": {
        "ndcg@5": 0.4551137937549413,
        "precision@5": 0.10186839967506092,
        "recall@5": 0.5093419983753046,
        "auc": 0.5979504914143275,
        "coverage@5": 0.5739473684210527
      }
    },
    "expected_aov_lift": 1.7727801830290932,
    "model_path": "/Users/aaditya/zomathon/Project_clean/csao_models/lgbm_ranker_main.joblib",
    "best_params": {
      "objective": "lambdarank",
      "boosting_type": "gbdt",
      "metric": "ndcg",
      "ndcg_eval_at": [
        5,
        10
      ],
      "num_leaves": 31,
      "learning_rate": 0.01,
      "n_estimators": 1200,
      "max_depth": -1,
      "min_child_samples": 10,
      "subsample": 0.8,
      "subsample_freq": 1,
      "colsample_bytree": 0.85,
      "reg_lambda": 1.0,
      "random_state": 42,
      "n_jobs": -1
    },
    "score_strategy": "raw"
  },
  "uplift_vs_baseline_pct": {
    "main": 50.34706789087136
  }
}