{
  "run_id": "20260302T204136Z",
  "baseline": {
    "metrics": {
      "ndcg@5": 0.2577766818458192,
      "precision@5": 0.07509462891092905,
      "recall@5": 0.3754731445546452,
      "auc": 0.577573927165003,
      "coverage@5": 0.3386799894819879,
      "cart_state_diversity@1": 0.4866880497900099
    },
    "metrics_by_step": {
      "0": {
        "ndcg@5": 0.2784846972879173,
        "precision@5": 0.08182472557135145,
        "recall@5": 0.40912362785675727,
        "auc": 0.6018319584353121,
        "coverage@5": 0.29266368656323954
      },
      "1": {
        "ndcg@5": 0.23331917989688705,
        "precision@5": 0.0672651728743137,
        "recall@5": 0.3363258643715685,
        "auc": 0.5552380336894509,
        "coverage@5": 0.3210623192216671
      },
      "2": {
        "ndcg@5": 0.2358990249232572,
        "precision@5": 0.0680124869927159,
        "recall@5": 0.34006243496357963,
        "auc": 0.5403072950184513,
        "coverage@5": 0.32342887194320274
      },
      "3": {
        "ndcg@5": 0.2370314223280785,
        "precision@5": 0.0669374492282697,
        "recall@5": 0.3346872461413485,
        "auc": 0.5349354192333855,
        "coverage@5": 0.2981578947368421
      }
    },
    "expected_aov_lift": 1.1791252120166764
  },
  "main": {
    "metrics": {
      "ndcg@5": 0.23833556823191007,
      "precision@5": 0.07298164917828566,
      "recall@5": 0.3649082458914283,
      "auc": 0.6364108154940248,
      "coverage@5": 0.9802787273205364,
      "cart_state_diversity@1": 0.886280087895398
    },
    "metrics_by_step": {
      "0": {
        "ndcg@5": 0.24773256928771545,
        "precision@5": 0.07604822746086018,
        "recall@5": 0.38024113730430087,
        "auc": 0.6347798314940479,
        "coverage@5": 0.5085458848277675
      },
      "1": {
        "ndcg@5": 0.22285115992162333,
        "precision@5": 0.06885294554088144,
        "recall@5": 0.3442647277044072,
        "auc": 0.6310169268881313,
        "coverage@5": 0.9403102813568236
      },
      "2": {
        "ndcg@5": 0.23851533726056515,
        "precision@5": 0.071633714880333,
        "recall@5": 0.35816857440166494,
        "auc": 0.627894811686035,
        "coverage@5": 0.8435445700762556
      },
      "3": {
        "ndcg@5": 0.237489528877656,
        "precision@5": 0.06807473598700245,
        "recall@5": 0.34037367993501216,
        "auc": 0.619482303378409,
        "coverage@5": 0.5797368421052631
      }
    },
    "expected_aov_lift": 1.0929015308322576,
    "model_path": "/Users/aaditya/zomathon/Project_clean/csao_models/lgbm_ranker_main.joblib",
    "best_params": {
      "objective": "lambdarank",
      "boosting_type": "gbdt",
      "metric": "ndcg",
      "ndcg_eval_at": [
        5,
        10
      ],
      "num_leaves": 63,
      "learning_rate": 0.02,
      "n_estimators": 1200,
      "max_depth": -1,
      "min_child_samples": 40,
      "subsample": 0.8,
      "subsample_freq": 1,
      "colsample_bytree": 0.7,
      "reg_lambda": 1.0,
      "random_state": 42,
      "n_jobs": -1
    },
    "score_strategy": "raw"
  },
  "uplift_vs_baseline_pct": {
    "main": -7.31251272601907
  }
}